session_id,participant_id,status,started_datetime,completed_date_time,time_taken,age,num_approvals,num_rejections,prolific_score,reviewed_at_datetime,entered_code,Country of Birth,Current Country of Residence,Employment Status,First Language,Nationality,Sex,Student Status
6234046957c0efa715323b99,603e5b7d52f770000b46bfb7,APPROVED,2022-03-18 04:02:49.294000,2022-03-18 04:08:55.093000,365.799,19,301,0,100,2022-03-19 17:45:57.038000,561DDF44,United States,United States,DATA EXPIRED,English,United States,Female,Yes
623404f18cc529e53a7550dd,5d4a1c61be2a040001beaedb,APPROVED,2022-03-18 04:05:09.013000,2022-03-18 04:11:27.739000,378.726,30,1117,9,98,2022-03-19 17:45:57.108000,561DDF44,Pakistan,United States,DATA EXPIRED,English,United States,Female,DATA EXPIRED
6234059ae0ed42d2ab271dbd,610235a7bba9b59ecb471e4d,APPROVED,2022-03-18 04:07:57.758000,2022-03-18 04:14:27.402000,389.644,26,4,0,100,2022-03-19 17:45:57.168000,561DDF44,DATA EXPIRED,United States,Part-Time,English,United States,Male,DATA EXPIRED
623405f041bf6ba9a990ba8f,5ede2d50869843041d303b7a,APPROVED,2022-03-18 04:09:23.596000,2022-03-18 04:14:35.718000,312.122,19,121,1,99,2022-03-19 17:45:57.229000,NOCODE,United States,United States,Unemployed (and job seeking),English,United States,Female,Yes
623405f1a9f256a26987beac,5f481794995b8b18a9cf2add,APPROVED,2022-03-18 04:09:23.590000,2022-03-18 04:16:26.168000,422.578,27,159,0,100,2022-03-19 17:45:57.480000,NOCODE,United States,United States,DATA EXPIRED,English,United States,Female,Yes
623406bd64f5a75ba7e6e2f2,55914b15fdf99b1e5e44e714,APPROVED,2022-03-18 04:12:45.458000,2022-03-18 04:20:13.097000,447.639,34,494,0,100,2022-03-19 17:45:57.542000,561DDF44,United States,United States,DATA EXPIRED,English,United States,Female,DATA EXPIRED
62340803783d5c47d6e4fad5,5f810b88592c911b7d9accef,APPROVED,2022-03-18 04:18:15.396000,2022-03-18 04:22:28.258000,252.862,19,884,0,100,2022-03-19 17:45:57.603000,561DDF44,United States,United States,Other,English,United States,Female,Yes
62340867b89476f67bf51c97,5f84dfd00f8a7b1bacf4f3e3,APPROVED,2022-03-18 04:19:54.892000,2022-03-18 04:22:51.922000,177.03,27,1253,10,98,2022-03-19 17:45:57.663000,561DDF44,Philippines,United States,DATA EXPIRED,English,United States,Female,DATA EXPIRED
62340962d6563308002274ca,613e2422fe4dd09d869b2944,APPROVED,2022-03-18 04:24:06.933000,2022-03-18 04:30:45.731000,398.798,59,165,1,100,2022-03-19 17:45:57.747000,561DDF44,United Kingdom,United States,DATA EXPIRED,English,United States,Female,DATA EXPIRED
6234096af87df4e65861eca7,611063d6237395a47bc3c083,RETURNED,2022-03-18 04:24:12.289000,,4652640.986265,20,114,2,99,,,CONSENT REVOKED,CONSENT REVOKED,CONSENT REVOKED,CONSENT REVOKED,CONSENT REVOKED,CONSENT REVOKED,CONSENT REVOKED
6234098e211239f55b5c64c0,60c51d88361c1aec2cdc2d9e,APPROVED,2022-03-18 04:24:53.694000,2022-03-18 04:33:12.950000,499.256,25,307,0,100,2022-03-19 17:45:57.835000,NOCODE,United States,United States,Full-Time,English,United States,Male,No
6234c2458d38dc0b2eb00958,5dec1482443d0b312786d74b,APPROVED,2022-03-18 17:33:16.045000,2022-03-18 17:39:06.205000,350.16,25,952,0,100,2022-03-19 17:45:57.895000,561DDF44,United States,United States,DATA EXPIRED,English,United States,Male,DATA EXPIRED
6234c2620d2186e64f7b1c11,6108810ffeafd39e02b1ee35,APPROVED,2022-03-18 17:33:30.690000,2022-03-18 17:37:25.525000,234.835,20,305,0,100,2022-03-19 17:45:57.998000,561DDF44,United States,United States,Part-Time,English,United States,Female,Yes
6234c316c20df481516159a8,5ae090dadee8590001b078c8,APPROVED,2022-03-18 17:36:26.267000,2022-03-18 17:41:25.850000,299.583,33,599,2,100,2022-03-19 17:45:58.062000,561DDF44,United States,United States,Part-Time,English,United States,Male,No
6234c317652e90115f33dd6b,615212aaa4b41922e0765736,RETURNED,2022-03-18 17:36:26.701000,,4605106.630533,51,236,0,100,,,CONSENT REVOKED,CONSENT REVOKED,CONSENT REVOKED,CONSENT REVOKED,CONSENT REVOKED,CONSENT REVOKED,CONSENT REVOKED
6234c31ddfd76251663bfb90,5f74f5230b907e1577eb3507,APPROVED,2022-03-18 17:36:33.002000,2022-03-18 17:42:32.872000,359.87,24,733,3,100,2022-03-19 17:45:58.126000,561DDF44,United States,United States,Part-Time,English,United States,Female,DATA EXPIRED
6234c32f9cf7a26fd8ac566d,5faff3a31137f42fcf5fd438,APPROVED,2022-03-18 17:36:51.167000,2022-03-18 17:45:27.233000,516.066,45,234,1,100,2022-03-19 17:45:58.219000,561DDF44,United States,United States,"Not in paid work (e.g. homemaker', 'retired or disabled)",English,United States,Female,No
6234c35218da55611efdf075,60ff6b0720fb724536710e7a,APPROVED,2022-03-18 17:37:27.266000,2022-03-18 17:41:02.099000,214.833,21,141,0,100,2022-03-19 17:45:58.282000,561DDF44,United States,United States,DATA EXPIRED,English,United States,Female,DATA EXPIRED
6234c386865dad26efe715ef,60d8db71e3c6d6bad40d01d3,APPROVED,2022-03-18 17:38:16.396000,2022-03-18 17:42:41.177000,264.781,27,538,0,100,2022-03-19 17:45:58.354000,561DDF44,United States,United States,DATA EXPIRED,DATA EXPIRED,United States,Female,DATA EXPIRED
6234c3bd0df796863db90fd3,5eb02b75d2a3d708e31803b8,APPROVED,2022-03-18 17:39:13.502000,2022-03-18 17:48:35.314000,561.812,52,599,2,100,2022-03-19 17:45:58.453000,561DDF44,United States,United States,DATA EXPIRED,English,United States,Male,DATA EXPIRED
6234c3bf84211a701a42fb42,5f1787552e9d2b0009679648,APPROVED,2022-03-18 17:39:16.975000,2022-03-18 17:44:38.004000,321.029,19,283,0,100,2022-03-19 17:45:58.517000,561DDF44,United States,United States,DATA EXPIRED,English,United States,Female,DATA EXPIRED
6234c3f4f1d5c5199ffdf606,60b68c0c1a1ad56d8318da04,APPROVED,2022-03-18 17:40:09.101000,2022-03-18 17:56:38.606000,989.505,20,278,0,100,2022-03-19 17:45:58.580000,561DDF44,United States,United States,"Not in paid work (e.g. homemaker', 'retired or disabled)",English,United States,Male,Yes
6234c44c270fd3585fd062d8,60fd978c77223cb3d24d6618,APPROVED,2022-03-18 17:41:35.095000,2022-03-18 17:45:47.246000,252.151,22,393,2,100,2022-03-19 17:45:58.641000,561DDF44,United States,United States,Part-Time,English,United States,Female,Yes
6234c44d9821b61aedb31bac,6145a88c94a2c86532d36b0f,APPROVED,2022-03-18 17:41:35.316000,2022-03-18 17:46:52.217000,316.901,23,604,4,99,2022-03-19 17:45:58.747000,561DDF44,United States,United States,Unemployed (and job seeking),English,United States,Male,No
6234c485651ca7a11f596891,61042ac491305753cd36f6fa,APPROVED,2022-03-18 17:42:31.595000,2022-03-18 17:47:28.645000,297.05,24,619,2,100,2022-03-19 17:45:58.821000,561DDF44,Korea,United States,DATA EXPIRED,English,United States,Female,DATA EXPIRED
6234c4c988e9fb29306038fd,5cbf486a0cdf7a0017b9aa79,APPROVED,2022-03-18 17:43:40.075000,2022-03-18 17:47:28.062000,227.987,32,482,2,100,2022-03-19 17:45:58.888000,561DDF44,United States,United States,Full-Time,English,United States,Male,DATA EXPIRED
6234c4daa94fe52638791dda,5f871995a3c40d0cbee04d20,RETURNED,2022-03-18 17:54:00.047000,,4604053.414467,27,1453,9,99,,,CONSENT REVOKED,CONSENT REVOKED,CONSENT REVOKED,CONSENT REVOKED,CONSENT REVOKED,CONSENT REVOKED,CONSENT REVOKED
6234c4efef3713053c9ce8cb,5d57a69c72ba1700184edd85,APPROVED,2022-03-18 17:44:18.217000,2022-03-18 17:52:24.463000,486.246,29,1297,2,100,2022-03-19 17:45:58.985000,561DDF44,United States,United States,DATA EXPIRED,English,United States,Male,DATA EXPIRED
6234c50c40fa28e7138b01a8,5cd62173bf7b7b0001ffae45,APPROVED,2022-03-18 17:44:52.328000,2022-03-18 17:53:01.190000,488.862,44,858,3,100,2022-03-19 17:45:59.063000,561DDF44,United States,United States,DATA EXPIRED,English,United States,Female,DATA EXPIRED
6234c5350a6f0a51a5073ca6,565bb38cc121fe0005fc36c2,APPROVED,2022-03-18 17:45:38.067000,2022-03-18 18:00:31.425000,893.358,34,101,0,100,2022-03-19 17:45:59.144000,561DDF44,United States,United States,Full-Time,English,United States,Female,No
6234c541d0eed1a3fcc0ae11,5dde0d3ce2dcbdd798721c65,APPROVED,2022-03-18 17:45:40.719000,2022-03-18 17:50:32.481000,291.762,57,761,0,100,2022-03-19 17:45:59.226000,561DDF44,United States,United States,"Not in paid work (e.g. homemaker', 'retired or disabled)",English,United States,Female,No
6234c5432a47fcfe6db9d03a,5d48ef8e539810000118bf66,APPROVED,2022-03-18 17:45:43.668000,2022-03-18 17:55:31.404000,587.736,30,444,2,100,2022-03-19 17:45:59.300000,561DDF44,United States,United States,DATA EXPIRED,English,United States,Female,DATA EXPIRED
6234c54456c5b6722da66a8d,5fc522f782fa190fc521ee7b,APPROVED,2022-03-18 17:45:42.909000,2022-03-18 17:49:37.962000,235.053,21,274,1,100,2022-03-19 17:45:59.372000,561DDF44,United States,United States,DATA EXPIRED,Urdu,United States,Female,DATA EXPIRED
6234c55b5aa80bf20b9bb5bd,5aa4c7794eecca0001dde769,APPROVED,2022-03-18 17:46:07.700000,2022-03-18 17:51:34.412000,326.712,39,763,2,100,2022-03-19 17:45:59.433000,561DDF44,United States,United States,Full-Time,English,United States,Male,DATA EXPIRED
6234c5da989f2292f12db8f8,5ee10f445c27ee4ac61a579f,APPROVED,2022-03-18 17:48:12.925000,2022-03-18 17:57:05.402000,532.477,25,991,6,99,2022-03-19 17:45:59.517000,561DDF44,United States,United States,DATA EXPIRED,English,United States,Female,DATA EXPIRED
6234c6036d448336626829b7,5c1c157f77936700018284b7,APPROVED,2022-03-18 17:48:55.443000,2022-03-18 17:53:50.067000,294.624,35,1476,4,100,2022-03-19 17:45:59.584000,561DDF44,Canada,United States,DATA EXPIRED,English,United States,Female,No
6234c6083c92a6852aecf9a0,5ea511caa6974a4e8de26ac1,APPROVED,2022-03-18 17:49:01.279000,2022-03-18 17:52:57.194000,235.915,34,768,4,99,2022-03-19 17:45:59.659000,561DDF44,United States,United States,Full-Time,Spanish,United States,Prefer not to say,No
6234c628ed0c3d7b61a2ddfb,6036ed10d073a44c3c665cda,APPROVED,2022-03-18 17:49:30.474000,2022-03-18 17:53:46.001000,255.527,25,599,1,100,2022-03-19 17:45:59.737000,561DDF44,United States,United States,Full-Time,English,United States,Female,No
6234c655f1001bb1b619a7f3,6115bb731c445ab5a7289b9e,APPROVED,2022-03-18 17:50:17.439000,2022-03-18 17:56:09.551000,352.112,19,305,1,100,2022-03-19 17:45:59.820000,561DDF44,United States,United States,Part-Time,English,United States,Female,Yes
6234c65bf47a400f89b81f7c,5d2ba2f01d8d93001ec26b9b,RETURNED,2022-03-18 17:50:23.600000,,4604270.019554,55,1146,2,100,,,CONSENT REVOKED,CONSENT REVOKED,CONSENT REVOKED,CONSENT REVOKED,CONSENT REVOKED,CONSENT REVOKED,CONSENT REVOKED
6234c6b79daa4414f73d8839,5f0b72abf1f9950dce8c0f1e,APPROVED,2022-03-18 17:52:55.204000,2022-03-18 18:01:03.180000,487.976,25,1130,4,99,2022-03-19 17:45:59.934000,561DDF44,United States,United States,DATA EXPIRED,English,United States,Male,No
6234c6ce49703c514bf1cccf,5731e4005b8b06000f7e36b3,APPROVED,2022-03-18 17:52:15.924000,2022-03-18 17:56:28.566000,252.642,41,915,4,100,2022-03-19 17:46:00.020000,561DDF44,United States,United States,DATA EXPIRED,DATA EXPIRED,United States,Male,DATA EXPIRED
6234c6d565c815abbc665091,581ce98eea748e000117efb7,APPROVED,2022-03-18 17:52:23.320000,2022-03-18 17:57:20.878000,297.558,27,209,1,100,2022-03-19 17:46:00.104000,561DDF44,United States,United States,Full-Time,English,United States,Male,No
6234c72d19ae506e41edc623,6148b1044b72d004bafd8ff9,APPROVED,2022-03-18 17:53:52.791000,2022-03-18 18:00:22.585000,389.794,0,225,1,100,2022-03-19 17:46:00.171000,561DDF44,United States,United States,DATA EXPIRED,English,United States,Female,DATA EXPIRED
6234c72debc8096ec8f32493,56ec9fa4f9ffc4000ac1941b,APPROVED,2022-03-18 17:53:53.939000,2022-03-18 17:57:01.187000,187.248,34,466,1,100,2022-03-19 17:46:00.251000,561DDF44,United States,United States,DATA EXPIRED,English,United States,Male,No
6234c7b6edbdb3efd6b9308e,5d2f3becd8c144000187438c,APPROVED,2022-03-18 17:56:08.583000,2022-03-18 18:02:13.544000,364.961,43,801,1,100,2022-03-19 17:46:00.316000,561DDF44,United States,United States,Full-Time,English,United States,Female,No
6234c7d2c51533f360e99168,611d8528eff8be6a062ee868,APPROVED,2022-03-18 17:56:37.966000,2022-03-18 18:04:02.676000,444.71,30,144,0,100,2022-03-19 17:46:00.418000,561DDF44,United States,United States,DATA EXPIRED,English,United States,Female,DATA EXPIRED
6234c7d6499564cbe01d0754,60654d21d73575a00486a16e,APPROVED,2022-03-18 17:56:42.950000,2022-03-18 18:02:58.731000,375.781,24,457,1,100,2022-03-19 17:46:00.512000,561DDF44,United States,United States,Full-Time,English,United States,Male,No
6234c7e2b3023dc912d78768,611338495064d15e5457573f,APPROVED,2022-03-18 17:56:54.337000,2022-03-18 18:01:52.356000,298.019,25,156,2,100,2022-03-19 17:46:00.578000,NOCODE,United States,United States,DATA EXPIRED,English,United States,Female,DATA EXPIRED
6234c7fbbf54df9579a6b095,60ff0549421c4bf5359d7a41,APPROVED,2022-03-18 17:57:19.013000,2022-03-18 18:02:07.570000,288.557,21,249,1,100,2022-03-19 17:46:00.641000,561DDF44,United States,United States,Part-Time,English,United States,Female,Yes
6234c7ff09faf27de9c3361c,611ea4971bd5f93c68cc56f3,APPROVED,2022-03-18 17:57:28.189000,2022-03-18 18:09:10.109000,701.92,27,577,0,100,2022-03-19 17:46:00.710000,561DDF44,United States,United States,Unemployed (and job seeking),English,United States,Female,No
6234c8093aec42d1c717f461,60fdee28000b84e9b4bf712d,APPROVED,2022-03-18 17:57:32.317000,2022-03-18 18:04:41.646000,429.329,19,415,5,98,2022-03-19 17:46:00.783000,561DDF44,United States,United States,DATA EXPIRED,English,United States,Female,DATA EXPIRED
6234c81f3617e26b793fcd4e,61f2aa26a09e72f23cbaf089,APPROVED,2022-03-18 17:57:54.467000,2022-03-18 18:02:10.598000,256.131,56,322,1,100,2022-03-19 17:46:00.858000,561DDF44,United States,United States,Full-Time,English,United States,Female,No
6234c824115a78b6bd36d14e,61031e7a1daea21c2aa0182f,RETURNED,2022-03-18 17:57:59.452000,,4603814.330075,23,224,0,100,,,CONSENT REVOKED,CONSENT REVOKED,CONSENT REVOKED,CONSENT REVOKED,CONSENT REVOKED,CONSENT REVOKED,CONSENT REVOKED
6234c836b2a874e93af021ab,60a7ed991485489d24b83e94,APPROVED,2022-03-18 17:58:19.316000,2022-03-18 18:04:20.982000,361.666,57,982,1,100,2022-03-19 17:46:00.929000,NOCODE,United States,United States,DATA EXPIRED,English,United States,Female,No
6234c845262baac6868909a4,6019bbb66e5c2815ba3728b6,APPROVED,2022-03-18 17:58:32.171000,2022-03-18 18:04:25.498000,353.327,38,677,0,100,2022-03-19 17:46:00.995000,561DDF44,United States,United States,"Not in paid work (e.g. homemaker', 'retired or disabled)",English,United States,Female,No
6234c85e3321298442373974,60d7f42fecbd38442ee434ce,RETURNED,2022-03-18 17:58:57.631000,,4603756.181791,,281,2,100,,,CONSENT REVOKED,CONSENT REVOKED,CONSENT REVOKED,CONSENT REVOKED,CONSENT REVOKED,CONSENT REVOKED,CONSENT REVOKED
6234c85f7a4c8c2c2c0ac971,5fbaea1c266280b97c7d20a7,APPROVED,2022-03-18 17:58:59.593000,2022-03-18 18:03:40.549000,280.956,28,763,2,100,2022-03-19 17:46:01.132000,561DDF44,United States,United States,DATA EXPIRED,English,United States,Female,Yes
6234c878bae794a44679d63e,5865ecf6a7f6480001ed9791,APPROVED,2022-03-18 17:59:23.340000,2022-03-18 18:03:35.498000,252.158,39,1582,1,100,2022-03-19 17:46:01.244000,561DDF44,United States,United States,Full-Time,English,United States,Male,No
6234c87ad0eed1a3fcc0ae27,60feceac7002ddcf44f40a12,APPROVED,2022-03-18 17:59:27.966000,2022-03-18 18:14:51.391000,923.425,20,176,0,100,2022-03-19 17:46:01.332000,561DDF44,United States,United States,Part-Time,English,United States,Female,Yes
6234c886ef32e3825e677962,61005a9bfd2f14f18ef7ec7d,APPROVED,2022-03-18 17:59:37.655000,2022-03-18 18:04:34.942000,297.287,25,775,7,99,2022-03-19 17:46:01.408000,561DDF44,United States,United States,Full-Time,English,United States,Male,No
6234c8b67e3e3f479c85ae51,6110cec4f4bb63babd258845,APPROVED,2022-03-18 18:00:26.333000,2022-03-18 18:06:11.809000,345.476,29,390,2,98,2022-03-19 17:46:01.494000,561DDF44,United States,United States,Full-Time,English,United States,Female,No
6234c8b806b9f2d17d655f03,61283769a39dd638c256540c,APPROVED,2022-03-18 18:00:26.173000,2022-03-18 18:05:27.178000,301.005,45,952,1,100,2022-03-19 17:46:01.568000,561DDF44,United States,United States,Full-Time,English,United States,Male,DATA EXPIRED
6234c8cc73d254b51e911f07,5d8e2b465dfc350013a8e2fe,APPROVED,2022-03-18 18:00:47.860000,2022-03-18 18:08:53.248000,485.388,27,298,2,99,2022-03-19 17:46:01.670000,nocode,United States,United States,DATA EXPIRED,English,United States,Female,No
6234c8e03e83cc332950ae12,6111556d27f136bb7db6667d,APPROVED,2022-03-18 18:01:06.951000,2022-03-18 18:10:30.037000,563.086,23,282,1,100,2022-03-19 17:46:01.820000,561DDF44,United States,United States,DATA EXPIRED,English,United States,Female,DATA EXPIRED
6234c8e0e0b296e2a819d084,6100070641b8a05882715583,TIMED-OUT,2022-03-18 18:01:07.646000,,4603626.284733,35,327,2,100,,,United States,United States,DATA EXPIRED,English,United States,Female,No
6234c8fdab9f3fe00072f8fe,5c9a6e18fc4fa10001510344,APPROVED,2022-03-18 18:01:37.147000,2022-03-18 18:06:23.886000,286.739,24,646,2,100,2022-03-19 17:46:01.948000,561DDF44,United States,United States,DATA EXPIRED,English,United States,Female,DATA EXPIRED
6234c9109986c98691490746,549b8ef4fdf99b4ffa5fa0c9,APPROVED,2022-03-18 18:01:55.819000,2022-03-18 18:04:28.853000,153.034,46,875,3,100,2022-03-19 17:46:02.015000,561DDF44,United States,United States,Full-Time,English,United States,Female,Yes
6234c9163f9b93c8383694eb,6133e9702ea60a5cbe239bbf,APPROVED,2022-03-18 18:02:05.744000,2022-03-18 18:05:32.541000,206.797,53,636,5,99,2022-03-19 17:46:02.089000,NOCODE,United States,United States,DATA EXPIRED,English,United States,Female,DATA EXPIRED
6234c91bb829ea6321bed2fc,5ea85e55bc06040c26f04cc4,APPROVED,2022-03-18 18:02:06.670000,2022-03-18 18:06:52.225000,285.555,42,857,2,100,2022-03-19 17:46:02.163000,561DDF44,United States,United States,DATA EXPIRED,English,United States,Male,DATA EXPIRED
6234c92fea9485c3ef62efa5,5c0262307e7bca000123e41b,RETURNED,2022-03-18 18:02:23.290000,,4603550.695579,27,2026,2,100,,,CONSENT REVOKED,CONSENT REVOKED,CONSENT REVOKED,CONSENT REVOKED,CONSENT REVOKED,CONSENT REVOKED,CONSENT REVOKED
6234c9372bf245f117f6803b,61083259b68a337fa07cea60,APPROVED,2022-03-18 18:02:36.329000,2022-03-18 18:14:38.528000,722.199,21,225,1,100,2022-03-19 17:46:02.235000,561DDF44,United States,United States,DATA EXPIRED,English,United States,Female,DATA EXPIRED
6234c98206b9f2d17d655f1c,610367e58b767ec6c3395508,APPROVED,2022-03-18 18:03:49.387000,2022-03-18 18:08:37.033000,287.646,20,327,0,100,2022-03-19 17:46:02.357000,561DDF44,United States,United States,Other,English,United States,Female,Yes
6234c9964d70e280b1a9c899,5917a80890da230001914301,APPROVED,2022-03-18 18:04:10.316000,2022-03-18 18:10:33.097000,382.781,31,489,0,100,2022-03-19 17:46:02.442000,561DDF44,United States,United States,DATA EXPIRED,English,United States,Female,No
6234c9ce9119f8ba2c6cbb3b,5f490d10022f3f2e8f33cc9a,APPROVED,2022-03-18 18:05:06.558000,2022-03-18 18:11:29.271000,382.713,43,1389,13,97,2022-03-19 17:46:02.513000,NOCODE,United States,United States,Full-Time,English,United States,Male,No
6234c9cf9f5a928d084caaae,60fef4f0e296f6e528f45a51,APPROVED,2022-03-18 18:05:07.079000,2022-03-18 18:09:57.280000,290.201,19,146,1,100,2022-03-19 17:46:02.586000,561DDF44,United States,United States,Other,English,United States,Female,Yes
6234c9ee7a8595d02a6d32d4,6110c21be44c256aa2da028f,APPROVED,2022-03-18 18:05:38.293000,2022-03-18 18:10:36.833000,298.54,22,317,3,99,2022-03-19 17:46:02.650000,NOCODE,United States,United States,Part-Time,English,United States,Male,Yes
6234c9f914e39ee40e6dc179,615ddfac4254098aac0104f6,APPROVED,2022-03-18 18:05:49.153000,2022-03-18 18:11:25.798000,336.645,46,446,0,100,2022-03-19 17:46:02.724000,561DDF44,United States,United States,DATA EXPIRED,English,United States,Male,DATA EXPIRED
6234ca0b83964564b270c921,5f45dd2eaab81c216427d57c,APPROVED,2022-03-18 18:06:06.789000,2022-03-18 18:09:45.788000,218.999,32,1372,2,100,2022-03-19 17:46:02.809000,561DDF44,United States,United States,DATA EXPIRED,English,United States,Male,DATA EXPIRED
6234ca25e06ce618f266904a,613abbe37236b51be464e809,APPROVED,2022-03-18 18:06:31.472000,2022-03-18 18:10:56.800000,265.328,31,137,0,100,2022-03-19 17:46:02.915000,561DDF44,United States,United States,DATA EXPIRED,English,United States,Female,DATA EXPIRED
6234ca32589e94b7e067e7b2,61606ca0e39e4d7dd5255b84,RETURNED,2022-03-18 18:06:50.302000,,4603283.791436,39,138,0,100,,,CONSENT REVOKED,CONSENT REVOKED,CONSENT REVOKED,CONSENT REVOKED,CONSENT REVOKED,CONSENT REVOKED,CONSENT REVOKED
6234ca3cc6565a63b9bf2e3d,611c23757abaf647e15742ef,APPROVED,2022-03-18 18:06:54.171000,2022-03-18 18:11:41.976000,287.805,34,704,0,100,2022-03-19 17:46:02.989000,561DDF44,United States,United States,Full-Time,English,United States,Female,No
6234ca63146dbffa7d12820c,61054654ed131f301b14d4d3,APPROVED,2022-03-18 18:07:35.051000,2022-03-18 18:15:40.449000,485.398,40,102,0,100,2022-03-19 17:46:03.073000,561DDF44,United States,United States,DATA EXPIRED,English,United States,Female,DATA EXPIRED
6234ca7683964564b270c924,60358de06e95f2ef5ea32cf0,APPROVED,2022-03-18 18:07:55.210000,2022-03-18 18:12:32.773000,277.563,38,1352,1,100,2022-03-19 17:46:03.167000,561DDF44,United States,United States,Full-Time,English,United States,Female,No
6234ca7cd7cc3b82215b0d73,6009e2d286ebc80dff129427,APPROVED,2022-03-18 18:08:00.006000,2022-03-18 18:14:50.871000,410.865,19,474,0,100,2022-03-19 17:46:03.241000,561DDF44,United States,United States,Other,English,United States,Female,No
6234caa941219f2089338be0,60ecd0063d54640c36b1d056,APPROVED,2022-03-18 18:08:45.280000,2022-03-18 18:13:07.054000,261.774,37,497,0,100,2022-03-19 17:46:03.352000,NOCODE,United States,United States,DATA EXPIRED,English,United States,Female,DATA EXPIRED
6234cab63b212581045f0d28,5de27ced22383629b807cc70,APPROVED,2022-03-18 18:08:59.887000,2022-03-18 18:11:43.270000,163.383,29,1021,2,100,2022-03-19 17:46:03.427000,561DDF44,United States,United States,DATA EXPIRED,English,United States,Male,No
6234cad87a19b687d7746c65,6082c902e76a87571f42e73e,APPROVED,2022-03-18 18:09:30.311000,2022-03-18 18:16:53.678000,443.367,35,387,1,100,2022-03-19 17:46:03.552000,561DDF44,United States,United States,Full-Time,English,United States,Female,No
6234cae3b1c145ce0dc9893e,5d3130288e458600186e63c7,APPROVED,2022-03-18 18:09:44.297000,2022-03-18 18:19:59.815000,615.518,40,348,1,100,2022-03-19 17:46:03.680000,561DDF44,United States,United States,DATA EXPIRED,English,United States,Female,DATA EXPIRED
6234caec997caed83e227895,5f7f490cddc9cb0b33e344a8,APPROVED,2022-03-18 18:10:22.599000,2022-03-18 18:15:46.636000,324.037,28,285,4,99,2022-03-19 17:46:03.786000,561DDF44,United States,United States,DATA EXPIRED,English,United States,Female,DATA EXPIRED
6234cb04d8d63aaa54b77a24,5d4c7ac3e8ec490018b0050d,RETURNED,2022-03-18 18:10:15.606000,,4603078.591596,63,1478,6,99,,,CONSENT REVOKED,CONSENT REVOKED,CONSENT REVOKED,CONSENT REVOKED,CONSENT REVOKED,CONSENT REVOKED,CONSENT REVOKED
6234cb09f9f8f5c07b87c70d,5be04ea54a5e53000157ac4f,APPROVED,2022-03-18 18:10:21.665000,2022-03-18 18:16:59.645000,397.98,53,1710,13,98,2022-03-19 17:46:03.866000,561DDF44,United States,United States,DATA EXPIRED,English,United States,Female,DATA EXPIRED
6234cb11f5b70bac244bf9fc,5cbf40e256e0b40017a60d2f,APPROVED,2022-03-18 18:10:28.079000,2022-03-18 18:17:11.050000,402.971,24,419,4,98,2022-03-19 17:46:03.947000,561DDF44,Canada,United States,DATA EXPIRED,English,United States,Male,No
6234cb15e06ce618f266905b,5efe1fa306bbc52e5fde738d,APPROVED,2022-03-18 18:10:31.965000,2022-03-18 18:26:01.916000,929.951,29,496,3,100,2022-03-19 17:46:04.026000,561DDF44,United States,United States,DATA EXPIRED,English,United States,Female,DATA EXPIRED
6234cb3d70878d09ff91e8cb,5dcc16268499c58a3ea459c2,APPROVED,2022-03-18 18:11:13.513000,2022-03-18 18:17:28.374000,374.861,45,1044,1,100,2022-03-19 17:46:04.133000,561DDF44,United States,United States,"Not in paid work (e.g. homemaker', 'retired or disabled)",English,United States,Female,No
6234cb45a02baded9a840181,5f0e0727cf7d770a4c7330a7,APPROVED,2022-03-18 18:11:17.890000,2022-03-18 18:17:59.543000,401.653,38,1215,5,100,2022-03-19 17:46:04.205000,561DDF44,United States,United States,DATA EXPIRED,DATA EXPIRED,United States,Male,DATA EXPIRED
6234cb5322734122ce5f2a72,6127c369bdff7dc17f0724a2,APPROVED,2022-03-18 18:11:35.913000,2022-03-18 18:17:01.018000,325.105,26,407,4,98,2022-03-19 17:46:04.317000,561DDF44,United States,United States,Full-Time,English,United States,Female,Yes
6234cb5d5f39253c08ad3401,5ce5e6c19c40b2001b3a031f,APPROVED,2022-03-18 18:11:44.020000,2022-03-18 18:18:27.155000,403.135,57,2081,4,100,2022-03-19 17:46:04.393000,561DDF44,United States,United States,Full-Time,English,United States,Male,No
6234cb788b2c09980bad955d,5d56b0d17ca41f0018e96e71,APPROVED,2022-03-18 18:12:12.175000,2022-03-18 18:16:26.549000,254.374,38,390,1,100,2022-03-19 17:46:04.469000,NOCODE,United States,United States,DATA EXPIRED,English,United States,Male,DATA EXPIRED
6234cbb7b02a12adf5fd01a2,601b56a319565951c0e6a626,APPROVED,2022-03-18 18:13:14.949000,2022-03-18 18:17:22.679000,247.73,23,660,3,100,2022-03-19 17:46:04.604000,561DDF44,United States,United States,Full-Time,English,United States,Female,No
6234cbc3de3dff511687866a,5f78987a98f49643b7ca5209,APPROVED,2022-03-18 18:13:25.615000,2022-03-18 18:17:54.898000,269.283,20,632,1,100,2022-03-19 17:46:04.691000,561DDF44,United States,United States,DATA EXPIRED,English,United States,Female,DATA EXPIRED
6234cbc935b0c67e18a408b6,611c2569a165706dc3404885,APPROVED,2022-03-18 18:13:32.523000,2022-03-18 18:18:39.770000,307.247,25,973,1,100,2022-03-19 17:46:04.769000,561DDF44,United States,United States,Full-Time,English,United States,Female,No
6234cbca5f39253c08ad3405,5cec2163d439ae0016596611,APPROVED,2022-03-18 18:13:32.827000,2022-03-18 18:16:57.554000,204.727,35,1724,11,99,2022-03-19 17:46:04.840000,561DDF44,United States,United States,DATA EXPIRED,English,United States,Female,No
6234cbced7f26efdd7f03dc8,6150421de31b32c18b00910f,APPROVED,2022-03-18 18:13:45.368000,2022-03-18 18:20:52.584000,427.216,64,92,0,100,2022-03-19 17:46:04.915000,561DDF44,United States,United States,DATA EXPIRED,English,United States,Male,DATA EXPIRED
6234cbffcdfb82250e182cde,5815369b94ecc900010b014e,APPROVED,2022-03-18 18:14:25.757000,2022-03-18 18:16:51.890000,146.133,31,758,1,100,2022-03-19 17:46:05.007000,561DDF44,United States,United States,Full-Time,English,United States,Female,No
6234cc068ddcbaef12c18e5d,5c29b88810677f0001dc2c56,APPROVED,2022-03-18 18:14:46.524000,2022-03-18 18:30:14.845000,928.321,57,2053,6,99,2022-03-19 17:46:05.139000,561DDF44,United States,United States,"Not in paid work (e.g. homemaker', 'retired or disabled)",English,United States,Male,No
6234cc1b05a86631573df682,5e3cc28a194a520c0c128f13,APPROVED,2022-03-18 18:14:56.715000,2022-03-18 18:25:37.599000,640.884,53,1577,0,100,2022-03-19 17:46:05.209000,561DDF44,United States,United States,DATA EXPIRED,English,United States,Male,DATA EXPIRED
6234cc7c93db84e5b3571d38,60ff14a46f99a66e7d2a73ef,APPROVED,2022-03-18 18:17:14.660000,2022-03-18 18:21:27.892000,253.232,25,485,1,100,2022-03-19 17:46:05.307000,561DDF44,United States,United States,DATA EXPIRED,English,United States,Female,DATA EXPIRED
6234cd0f7c6548d1293889be,60fec5e6c212acc3a302d224,APPROVED,2022-03-18 18:19:03.594000,2022-03-18 18:29:09.854000,606.26,21,126,0,100,2022-03-19 17:46:05.377000,561DDF44,United States,United States,DATA EXPIRED,English,United States,Female,DATA EXPIRED
6234d10c7f4ce9d1bdb1dd81,5cc489df3e74d80001198974,APPROVED,2022-03-18 18:35:59.446000,2022-03-18 18:45:38.272000,578.826,23,625,0,100,2022-03-19 17:46:05.450000,561DDF44,United States,United States,DATA EXPIRED,English,United States,Male,DATA EXPIRED
6234d4bb1e65acf148b92664,56d862b84a9be1000a53b1ac,APPROVED,2022-03-18 18:51:41.723000,2022-03-18 18:55:40.662000,238.939,36,415,1,100,2022-03-19 17:46:05.536000,561DDF44,United States,United States,Full-Time,English,United States,Male,No
6234d4be132fd15734de9540,612fab1125ea0a912c3edc62,APPROVED,2022-03-18 18:51:45.122000,2022-03-18 18:55:49.984000,244.862,23,647,3,99,2022-03-19 17:46:05.604000,561DDF44,United States,United States,Other,English,United States,Female,Yes
6234d4be57ddafa28a743b73,5a7d12a1f49c9a0001f33d53,APPROVED,2022-03-18 18:51:46.321000,2022-03-18 18:56:26.964000,280.643,54,930,1,100,2022-03-19 17:46:05.691000,561DDF44,United States,United States,DATA EXPIRED,English,United States,Male,DATA EXPIRED
6234d4c776335f79b820f418,60a5d41acaaf47129b2d74d5,APPROVED,2022-03-18 18:51:55.012000,2022-03-18 18:56:01.785000,246.773,22,441,2,100,2022-03-19 17:46:05.794000,561DDF44,United States,United States,Unemployed (and job seeking),English,United States,Male,Yes
6234d4ce9f5c8f0d5fa01ec5,5dd05b3a381b6714036968f7,APPROVED,2022-03-18 18:52:00.406000,2022-03-18 18:56:55.659000,295.253,21,1379,3,100,2022-03-19 17:46:05.877000,561DDF44,United States,United States,Other,Vietnamese,United States,Female,Yes
6234d4f6119325f7f4f502a5,5f12c0fb473aec0cea5fdb8c,RETURNED,2022-03-18 18:52:40.715000,,4600533.763203,20,678,5,98,,,CONSENT REVOKED,CONSENT REVOKED,CONSENT REVOKED,CONSENT REVOKED,CONSENT REVOKED,CONSENT REVOKED,CONSENT REVOKED
6234d502886f4fe22420b43c,6100bf5242116b74998d5651,APPROVED,2022-03-18 18:52:53.629000,2022-03-18 19:04:24.838000,691.209,19,52,0,100,2022-03-19 17:46:06.060000,561DDF44,United States,United States,DATA EXPIRED,English,United States,Female,Yes
6234d50d92f7ca814a50d0d1,5e0d6973946e974df5ccc57d,APPROVED,2022-03-18 18:53:04.006000,2022-03-18 18:59:01.842000,357.836,26,1996,1,100,2022-03-19 17:46:06.153000,561DDF44,United States,United States,Unemployed (and job seeking),English,United States,Female,No
6234d5108aa56422d8794b01,59f71f797086f80001941493,APPROVED,2022-03-18 18:53:09.859000,2022-03-18 18:58:37.879000,328.02,47,1479,0,100,2022-03-19 17:46:06.224000,561DDF44,United States,United States,DATA EXPIRED,English,United States,Female,DATA EXPIRED
6234d51158ff556ea5f67bae,5a5d7a42acc75b00017a8193,APPROVED,2022-03-18 18:53:08.666000,2022-03-18 18:58:47.645000,338.979,42,1518,5,100,2022-03-19 17:46:06.449000,561DDF44,United States,United States,DATA EXPIRED,English,United States,Female,DATA EXPIRED
6234d51d8d5ff121b8c671de,5df63faaa98a7a45159a9bba,APPROVED,2022-03-18 18:53:19.085000,2022-03-18 18:56:39.854000,200.769,39,880,6,99,2022-03-19 17:46:06.579000,561DDF44,United States,United States,Full-Time,English,United States,Male,Yes
6234d51fcf8a075a6450629b,60fcea6813302f34e09c62d1,APPROVED,2022-03-18 18:53:23.371000,2022-03-18 18:57:15.277000,231.906,29,341,4,98,2022-03-19 17:46:06.665000,561DDF44,United States,United States,DATA EXPIRED,English,United States,Female,DATA EXPIRED
6234d53145575b95ac2dfd3f,5cc8de463317240001da2546,APPROVED,2022-03-18 18:53:41.111000,2022-03-18 18:59:28.830000,347.719,,301,1,100,2022-03-19 17:46:06.744000,561DDF44,DATA EXPIRED,United States,DATA EXPIRED,DATA EXPIRED,United States,DATA EXPIRED,DATA EXPIRED
6234d53953625c834c343841,61058600025ac2074b04666c,APPROVED,2022-03-18 18:53:48.250000,2022-03-18 19:00:48.462000,420.212,23,354,0,100,2022-03-19 17:46:06.830000,561DDF44,United States,United States,Full-Time,English,United States,Male,No
6234d5506133b4d9616dafdb,5de6bcd545971063d3ff95db,RETURNED,2022-03-18 18:54:12.345000,,4600442.23632,52,1757,7,99,,,CONSENT REVOKED,CONSENT REVOKED,CONSENT REVOKED,CONSENT REVOKED,CONSENT REVOKED,CONSENT REVOKED,CONSENT REVOKED
6234d550e09b1c2075325ed7,5c0da14d656168000159da7a,RETURNED,2022-03-18 18:54:17.206000,,4600437.386106,52,2537,1,100,,,CONSENT REVOKED,CONSENT REVOKED,CONSENT REVOKED,CONSENT REVOKED,CONSENT REVOKED,CONSENT REVOKED,CONSENT REVOKED
6234d551c314e0df3a42e86c,5ec792e705a9071db9323de5,APPROVED,2022-03-18 18:54:13.413000,2022-03-18 19:00:17.939000,364.526,27,1582,2,100,2022-03-19 17:46:06.933000,561DDF44,United States,United States,Other,English,United States,Female,No
6234d566fb43cf8f35b01b3c,610d6fe6f9fcfeba763fc61d,APPROVED,2022-03-18 18:54:33.935000,2022-03-18 18:58:25.696000,231.761,21,432,2,100,2022-03-19 17:46:07.016000,561DDF44,United States,United States,Part-Time,English,United States,Female,No
6234d56724868df67f085392,5a7dfc2c5292b8000122bd74,APPROVED,2022-03-18 18:54:32.892000,2022-03-18 18:58:16.398000,223.506,36,2051,8,99,2022-03-19 17:46:07.103000,561DDF44,United States,United States,DATA EXPIRED,English,United States,Male,DATA EXPIRED
6234d56d0d12f5a5956570bf,5dcf4d27b039ab08c04d2740,APPROVED,2022-03-18 18:54:39.664000,2022-03-18 18:59:34.145000,294.481,21,1630,0,100,2022-03-19 17:46:07.211000,561DDF44,United States,United States,Part-Time,English,United States,Female,Yes
6234d5708f2281278340ae80,6148c992c6bba7885c57750a,APPROVED,2022-03-18 18:54:42.964000,2022-03-18 18:58:09.096000,206.132,24,693,4,99,2022-03-19 17:46:07.290000,561DDF44,United States,United States,DATA EXPIRED,English,United States,Male,DATA EXPIRED
6234d574daf143faca877898,561e760fed6e5a000dc7e7ba,APPROVED,2022-03-18 18:54:47.123000,2022-03-18 19:00:16.812000,329.689,26,1014,6,100,2022-03-19 17:46:07.373000,561DDF44,United States,United States,DATA EXPIRED,English,United States,Male,DATA EXPIRED
6234d57b25246b7e95689130,61081f69596f6f3d79b818df,APPROVED,2022-03-18 18:54:52.946000,2022-03-18 18:59:52.710000,299.764,34,508,0,100,2022-03-19 17:46:07.454000,561DDF44,United States,United States,Full-Time,English,United States,Female,No
6234d57c4e9d9bd1c457dc67,5d4c7d1a2a25e5000114cf3b,APPROVED,2022-03-18 18:54:55.927000,2022-03-18 19:09:25.772000,869.845,58,1769,0,100,2022-03-19 17:46:07.541000,NOCODE,United States,United States,Part-Time,English,United States,Female,No
6234d57cf00cb7cea5e4f457,60f70dd141e92abede695ec9,APPROVED,2022-03-18 18:54:54.700000,2022-03-18 19:05:35.200000,640.5,36,1164,3,100,2022-03-19 17:46:07.638000,561DDF44,United States,United States,"Not in paid work (e.g. homemaker', 'retired or disabled)",English,United States,Female,Yes
6234d585440224d42c9bf3df,5a1980eb5d06850001b00d84,APPROVED,2022-03-18 18:55:04.006000,2022-03-18 18:59:45.555000,281.549,32,1802,7,99,2022-03-19 17:46:07.729000,561DDF44,United States,United States,DATA EXPIRED,English,United States,Female,DATA EXPIRED
6234d589850c421e167d3679,60fdd8e1c09b279c5e967dfe,APPROVED,2022-03-18 18:55:19.359000,2022-03-18 19:00:26.752000,307.393,39,1273,3,100,2022-03-19 17:46:07.813000,561DDF44,United States,United States,Full-Time,English,United States,Male,No
6234d58af2adce9596495bf5,5eebe4e6e61002183aec9b70,APPROVED,2022-03-18 18:55:08.776000,2022-03-18 18:58:56.165000,227.389,24,869,0,100,2022-03-19 17:46:07.976000,561DDF44,United States,United States,Unemployed (and job seeking),English,United States,Male,No
6234d5943e6136ed9e7779d2,60721a45b75cb8f4b00abd05,APPROVED,2022-03-18 18:55:19.960000,2022-03-18 18:59:29.365000,249.405,33,1128,4,100,2022-03-19 17:46:08.073000,561DDF44,United States,United States,DATA EXPIRED,English,United States,Male,DATA EXPIRED
6234d596b729d1bba204c3b9,60e5bebceb89fc96b4414bcb,APPROVED,2022-03-18 18:55:21.566000,2022-03-18 19:06:48.038000,686.472,41,712,0,100,2022-03-19 17:46:08.186000,561DDF44,United States,United States,DATA EXPIRED,English,United States,Male,DATA EXPIRED
6234d5a4067ec2cc0b457e7f,60b6daafaab52fac28d9f394,RETURNED,2022-03-18 18:55:34.715000,,4600360.027205,23,1039,4,99,,,CONSENT REVOKED,CONSENT REVOKED,CONSENT REVOKED,CONSENT REVOKED,CONSENT REVOKED,CONSENT REVOKED,CONSENT REVOKED
6234d5ac257b1caa952a735a,56f29effed0cf60006911528,APPROVED,2022-03-18 18:55:42.767000,2022-03-18 18:58:57.329000,194.562,45,1777,6,100,2022-03-19 17:46:08.286000,561DDF44,United States,United States,Full-Time,English,United States,Male,No
6234d5acdaf143faca87789a,57093e7d0fb8a5000fe45a3a,APPROVED,2022-03-18 18:55:44.319000,2022-03-18 19:05:11.002000,566.683,57,420,1,100,2022-03-19 17:46:08.389000,561DDF44,United States,United States,DATA EXPIRED,English,United States,Male,DATA EXPIRED
6234d5b4f7803e9b90bb192c,60ebd10c620f3e024c3a39a5,APPROVED,2022-03-18 18:55:52.228000,2022-03-18 19:03:09.052000,436.824,23,459,0,100,2022-03-19 17:46:08.487000,561DDF44,United States,United States,Part-Time,English,United States,Male,Yes
6234d5c68f924b42ef721304,6109e4c357681a328ed36397,RETURNED,2022-03-18 18:56:26.734000,,4600308.052047,28,225,1,100,,,CONSENT REVOKED,CONSENT REVOKED,CONSENT REVOKED,CONSENT REVOKED,CONSENT REVOKED,CONSENT REVOKED,CONSENT REVOKED
6234d5c7e01e26fc91a55399,61105c7901ac4fea4f63344a,APPROVED,2022-03-18 18:56:12.176000,2022-03-18 19:03:14.092000,421.916,23,88,0,100,2022-03-19 17:46:08.579000,561DDF44,United States,United States,DATA EXPIRED,English,United States,Female,DATA EXPIRED
6234d5cbc9cf009bcadcda00,5c49e951bd42830001dbae9d,APPROVED,2022-03-18 18:56:13.881000,2022-03-18 19:14:14.428000,1080.547,23,45,0,100,2022-03-19 17:46:08.702000,561DDF44,United States,United States,DATA EXPIRED,English,United States,Female,DATA EXPIRED
6234d5cf25246b7e95689134,5865adeba3462300010673dc,APPROVED,2022-03-18 18:56:20.303000,2022-03-18 19:01:10.212000,289.909,32,891,2,100,2022-03-19 17:46:08.864000,561DDF44,United States,United States,DATA EXPIRED,English,United States,Female,DATA EXPIRED
6234d5d50ab944209224141a,602f3f4b63f201c29e4a09e6,APPROVED,2022-03-18 18:56:25.543000,2022-03-18 19:01:22.677000,297.134,29,507,6,98,2022-03-19 17:46:08.959000,561DDF44,United States,United States,DATA EXPIRED,English,United States,Male,DATA EXPIRED
6234d5e2b97b4fd90c45c72d,5ddb98b540460eacf5c4a254,APPROVED,2022-03-18 18:56:36.412000,2022-03-18 18:59:41.602000,185.19,30,265,2,100,2022-03-19 17:46:09.050000,561DDF44,United States,United States,"Not in paid work (e.g. homemaker', 'retired or disabled)",English,United States,Female,No
6234d5e8ae4e4210b59ffad1,60862bfb90af7051a6a53e7b,APPROVED,2022-03-18 18:56:45.270000,2022-03-18 19:02:32.887000,347.617,22,197,1,100,2022-03-19 17:46:09.138000,561DDF44,United States,United States,DATA EXPIRED,English,United States,Male,DATA EXPIRED
6234d6062df4ebcab3ab2848,60ef75e98194ebdf7e440783,APPROVED,2022-03-18 18:57:12.433000,2022-03-18 19:03:26.680000,374.247,27,741,1,100,2022-03-19 17:46:09.244000,561DDF44,DATA EXPIRED,United States,DATA EXPIRED,DATA EXPIRED,United States,DATA EXPIRED,DATA EXPIRED
6234d60bedd84dbcddb05f43,5ae5b7e26735bd0001d7dfe3,APPROVED,2022-03-18 18:57:23.952000,2022-03-18 19:06:43.699000,559.747,39,1619,6,100,2022-03-19 17:46:09.333000,561DDF44,United States,United States,DATA EXPIRED,English,United States,Male,DATA EXPIRED
6234d60f68803d0fed43ab5b,5beb6415feaa4a000164e011,RETURNED,2022-03-18 18:57:23.027000,,4600251.847546,39,719,4,99,,,CONSENT REVOKED,CONSENT REVOKED,CONSENT REVOKED,CONSENT REVOKED,CONSENT REVOKED,CONSENT REVOKED,CONSENT REVOKED
6234d61dea25ae75016951be,5feb8ceb559f43c870488b51,RETURNED,2022-03-18 18:57:37.102000,,4600237.782885,30,585,0,100,,,CONSENT REVOKED,CONSENT REVOKED,CONSENT REVOKED,CONSENT REVOKED,CONSENT REVOKED,CONSENT REVOKED,CONSENT REVOKED
6234d623d6ad12b3b2ddb160,5d321a7348bf98001646aeb2,APPROVED,2022-03-18 18:57:46.314000,2022-03-18 19:18:16.242000,1229.928,61,1168,2,100,2022-03-19 17:46:09.446000,561DDF44,United States,United States,"Not in paid work (e.g. homemaker', 'retired or disabled)",English,United States,Female,No
6234d62899a614d2be6bdb5b,5916bba1c40353000150c46c,APPROVED,2022-03-18 18:57:51.740000,2022-03-18 19:09:11.300000,679.56,51,1163,4,100,2022-03-19 17:46:09.537000,561DDF44,United States,United States,DATA EXPIRED,English,United States,Female,DATA EXPIRED
6234d62a54e6480d42562dee,60e118891e811394df52ff39,APPROVED,2022-03-18 18:57:50.584000,2022-03-18 19:04:14.949000,384.365,22,712,3,99,2022-03-19 17:46:09.628000,561DDF44,United States,United States,DATA EXPIRED,Chinese,United States,Female,DATA EXPIRED
6234d62bff2f00c39326afab,601b86cdd8db935594656c1a,RETURNED,2022-03-18 18:58:19.938000,,4600194.98569,30,1323,4,100,,,CONSENT REVOKED,CONSENT REVOKED,CONSENT REVOKED,CONSENT REVOKED,CONSENT REVOKED,CONSENT REVOKED,CONSENT REVOKED
6234d62ed2b3099b00adca7b,60ff0c8618fe5e6198b886be,APPROVED,2022-03-18 18:57:54.224000,2022-03-18 19:04:23.477000,389.253,19,696,2,100,2022-03-19 17:46:09.733000,561DDF44,United States,United States,DATA EXPIRED,English,United States,Female,Yes
6234d63df6576259bcd328a4,5f23a85df0b93d1917f564a2,APPROVED,2022-03-18 18:58:08.092000,2022-03-18 19:08:54.370000,646.278,20,231,2,100,2022-03-19 17:46:09.821000,561DDF44,United States,United States,Unemployed (and job seeking),Spanish,United States,Female,Yes
6234d677d2b3099b00adca7e,6045c416b5547f70e3917c12,APPROVED,2022-03-18 18:59:03.176000,2022-03-18 19:12:56.608000,833.432,44,861,0,100,2022-03-19 17:46:09.913000,561DDF44,United States,United States,"Not in paid work (e.g. homemaker', 'retired or disabled)",English,United States,Female,No
6234d693b5e361861e2f135c,5e10d288a2c6967a2c655aad,APPROVED,2022-03-18 18:59:39.200000,2022-03-18 19:04:38.499000,299.299,31,2277,1,100,2022-03-19 17:46:10.003000,561DDF44,United States,United States,Full-Time,English,United States,Male,No
6234d699f00cb7cea5e4f46a,6143e022ec8dfbce17b7e211,APPROVED,2022-03-18 18:59:42.328000,2022-03-18 19:05:30.758000,348.43,67,1215,2,100,2022-03-19 17:46:10.109000,561DDF44,United States,United States,Part-Time,English,United States,Male,No
6234d6aa00846ffe8e0f8cfa,622a426e8900cf2b495353e8,APPROVED,2022-03-18 19:00:00.104000,2022-03-18 19:05:55.723000,355.619,52,377,0,100,2022-03-19 17:46:10.200000,561DDF44,United States,United States,DATA EXPIRED,English,United States,Female,DATA EXPIRED
6234d6b1001577917c816285,5a4a94fef7b7bc00014e1462,APPROVED,2022-03-18 19:00:03.732000,2022-03-18 19:06:03.604000,359.872,33,2393,5,100,2022-03-19 17:46:10.284000,561DDF44,United States,United States,DATA EXPIRED,Spanish,United States,Male,DATA EXPIRED
6234d6b37115c3a2b6180b6c,60b7f8e35090572dc7e7548c,APPROVED,2022-03-18 19:00:05.418000,2022-03-18 19:04:23.925000,258.507,25,628,0,100,2022-03-19 17:46:10.361000,561DDF44,United States,United States,Full-Time,English,United States,Male,No
6234d6bf407b5a46bc31ee38,5ac6ca185cd105000162499d,APPROVED,2022-03-18 19:00:18.293000,2022-03-18 19:05:17.479000,299.186,32,1159,2,100,2022-03-19 17:46:10.447000,561DDF44,United States,United States,DATA EXPIRED,English,United States,Female,No
623607611756cf01d22533ed,5e0c0a7b6aab7c3fbeb4a644,APPROVED,2022-03-19 16:40:04.327000,2022-03-19 16:47:31.840000,447.513,26,545,3,100,2022-03-19 17:46:10.579000,561DDF44,United States,United States,DATA EXPIRED,English,United States,Female,DATA EXPIRED
62360765495c62ae5d688248,5f49f3262a3d07563d14a7f1,APPROVED,2022-03-19 16:41:55.033000,2022-03-19 16:49:48.784000,473.751,28,1191,1,100,2022-03-19 17:46:10.662000,561DDF44,United States,United States,DATA EXPIRED,English,United States,Male,No
6236076efe3dd30645669b45,6228f35da2410161a1221ac0,APPROVED,2022-03-19 16:40:18.567000,2022-03-19 16:45:05.089000,286.522,63,294,0,100,2022-03-19 17:46:10.765000,561DDF44,United States,United States,Unemployed (and job seeking),English,United States,Male,No
6236076f69bd220fdb82689a,5eeaa065c7acf61c4322f6d9,APPROVED,2022-03-19 16:40:17.475000,2022-03-19 16:44:49.989000,272.514,21,961,3,100,2022-03-19 17:46:10.870000,561DDF44,United States,United States,Unemployed (and job seeking),Spanish,United States,Male,Yes
62360772833973bbcd77fa96,5e121701dc79bd8a1a22ca99,APPROVED,2022-03-19 16:40:22.298000,2022-03-19 16:46:31.540000,369.242,51,2192,9,99,2022-03-19 17:46:10.958000,561DDF44,United States,United States,DATA EXPIRED,English,United States,Female,DATA EXPIRED
623607753a2b0a7a132fc6d8,60fadf64707bc7dcf61f9e54,APPROVED,2022-03-19 16:40:46.105000,2022-03-19 16:45:07.694000,261.589,39,1546,9,98,2022-03-19 17:46:11.073000,561DDF44,United States,United States,Full-Time,English,United States,Male,No
6236077553bbd2a2ebd9ca31,5ee3a34e16ad19048aef74f6,RETURNED,2022-03-19 16:40:24.599000,,4522070.488144,39,2137,4,100,,,CONSENT REVOKED,CONSENT REVOKED,CONSENT REVOKED,CONSENT REVOKED,CONSENT REVOKED,CONSENT REVOKED,CONSENT REVOKED
62360779b3bc6f926fb62bc1,60ff4f840fb5130859720ab8,APPROVED,2022-03-19 16:40:28.149000,2022-03-19 16:44:10.378000,222.229,40,718,4,100,2022-03-19 17:46:11.164000,561DDF44,United States,United States,DATA EXPIRED,English,United States,Female,No
6236077d151e2f590d562feb,613e59f68312d2083c8b193d,APPROVED,2022-03-19 16:40:32.866000,2022-03-19 16:47:38.936000,426.07,42,741,6,98,2022-03-19 17:46:11.256000,561DDF44,United States,United States,Full-Time,English,United States,Male,No
6236077d17ee74daac686afe,56a37d86dbe850000bfcef9d,APPROVED,2022-03-19 16:40:34.987000,2022-03-19 16:45:11.104000,276.117,57,2341,4,100,2022-03-19 17:46:11.367000,561DDF44,United States,United States,DATA EXPIRED,English,United States,Female,DATA EXPIRED
62360780c5620844e8bbe76d,5e58376293597e044d5af47a,APPROVED,2022-03-19 16:40:35.458000,2022-03-19 16:44:50.154000,254.696,38,2083,5,100,2022-03-19 17:46:11.451000,561DDF44,United States,United States,DATA EXPIRED,English,United States,Female,No
62360780d676aafcbd5fc0d1,5e6162fd64d2080671040317,APPROVED,2022-03-19 16:40:32.191000,2022-03-19 16:54:49.159000,856.968,57,778,6,98,2022-03-19 17:46:11.598000,561DDF44,United States,United States,"Not in paid work (e.g. homemaker', 'retired or disabled)",English,United States,Female,No
623607824230d8e891069511,5b9dd41f962418000112e761,TIMED-OUT,2022-03-19 16:40:38.473000,,4522056.67798,49,939,2,100,,,United States,United States,Full-Time,English,United States,Female,No
623607847c9babb5a1f1e8cc,5c506a7b8ac59200014d05da,APPROVED,2022-03-19 16:40:36.242000,2022-03-19 16:51:44.159000,667.917,55,1643,16,96,2022-03-19 17:46:11.733000,561DDF44,United States,United States,DATA EXPIRED,English,United States,Female,No
6236078eb69f40caad43a90e,5d67476c0ca617001699fe7a,APPROVED,2022-03-19 16:42:28.117000,2022-03-19 16:50:19.180000,471.063,31,2084,0,100,2022-03-19 17:46:11.823000,561DDF44,United States,United States,"Not in paid work (e.g. homemaker', 'retired or disabled)",English,United States,Female,No
6236078f08075b44651c6735,5d851419d126db0001cf0396,APPROVED,2022-03-19 16:40:50.602000,2022-03-19 16:46:37.498000,346.896,43,2812,3,100,2022-03-19 17:46:11.918000,561DDF44,United States,United States,Full-Time,English,United States,Female,No
6236078f6f7324f9b12270f1,6117214062a6bb7bee98def6,APPROVED,2022-03-19 16:40:53.432000,2022-03-19 16:49:20.162000,506.73,54,834,2,100,2022-03-19 17:46:12.003000,561DDF44,United States,United States,"Not in paid work (e.g. homemaker', 'retired or disabled)",English,United States,Female,No
62360793d676aafcbd5fc0d3,5fe76396a4feb05bf1629a6c,RETURNED,2022-03-19 16:40:51.314000,,4522043.890548,27,1257,4,100,,,CONSENT REVOKED,CONSENT REVOKED,CONSENT REVOKED,CONSENT REVOKED,CONSENT REVOKED,CONSENT REVOKED,CONSENT REVOKED
62360798421b634667d7da1b,5dea7a7df87f5519e686ff7b,APPROVED,2022-03-19 16:40:59.698000,2022-03-19 16:46:36.294000,336.596,35,1489,3,100,2022-03-19 17:46:12.087000,561DDF44,United States,United States,DATA EXPIRED,English,United States,Female,No
6236079fb2aeb1f8b9b90284,5dda993086c886a06ce9108d,APPROVED,2022-03-19 16:41:09.689000,2022-03-19 16:48:12.566000,422.877,75,2283,13,98,2022-03-19 17:46:12.179000,561DDF44,United States,United States,"Not in paid work (e.g. homemaker', 'retired or disabled)",English,United States,Female,No
623607a55550b4122bc3ae42,611189c22603acc9bfc10e2d,APPROVED,2022-03-19 16:41:13.525000,2022-03-19 16:55:51.193000,877.668,25,927,4,100,2022-03-19 17:46:12.267000,561DDF44,United States,United States,Part-Time,English,United States,Female,Yes
623607adb2b61f610ba10a65,5baa535fa3c9170001156197,APPROVED,2022-03-19 16:41:17.084000,2022-03-19 16:52:11.054000,653.97,32,2481,8,99,2022-03-19 17:46:12.371000,561DDF44,United States,United States,Full-Time,English,United States,Female,DATA EXPIRED
623607b031638d6920c0388b,61623a34b5736a486fb369cb,APPROVED,2022-03-19 16:41:24.032000,2022-03-19 16:47:24.688000,360.656,28,624,1,100,2022-03-19 17:46:12.456000,561DDF44,United States,United States,DATA EXPIRED,English,United States,Female,DATA EXPIRED
623607b2946010dc189a0d2d,5588d00bfdf99b304dd47ceb,RETURNED,2022-03-19 16:41:25.100000,,4522010.166071,40,1003,3,100,,,CONSENT REVOKED,CONSENT REVOKED,CONSENT REVOKED,CONSENT REVOKED,CONSENT REVOKED,CONSENT REVOKED,CONSENT REVOKED
623607b3da888e1ab694010d,5fd79aba1833640f79ffd07d,APPROVED,2022-03-19 16:41:29.933000,2022-03-19 16:49:09.118000,459.185,31,201,2,99,2022-03-19 17:46:12.631000,561DDF44,United States,United States,Full-Time,English,United States,Female,No
623607b406b4928b5b38245b,6116d4aea499813f9c7dc432,APPROVED,2022-03-19 16:49:33.681000,2022-03-19 17:03:03.285000,809.604,27,641,4,98,2022-03-19 17:46:12.726000,561DDF44,United States,United States,DATA EXPIRED,English,United States,Female,DATA EXPIRED
623607b9d89f2a908c397d85,5ee517175fd9cf23b3b7b7ec,RETURNED,2022-03-19 16:52:00.061000,,4521375.238428,26,2410,16,98,,,CONSENT REVOKED,CONSENT REVOKED,CONSENT REVOKED,CONSENT REVOKED,CONSENT REVOKED,CONSENT REVOKED,CONSENT REVOKED
623607bc5ec78666f6b64307,5e6fd3293c76d25a3ca8b384,APPROVED,2022-03-19 16:41:41.016000,2022-03-19 16:54:26.870000,765.854,52,1859,13,99,2022-03-19 17:46:12.848000,561DDF44,United States,United States,DATA EXPIRED,English,United States,Male,DATA EXPIRED
623607c2d675a7694ec8a4bc,614dee533a453a96facba70b,APPROVED,2022-03-19 16:41:41.065000,2022-03-19 16:47:21.608000,340.543,51,958,1,100,2022-03-19 17:46:12.946000,561DDF44,United States,United States,Full-Time,DATA EXPIRED,United States,Male,DATA EXPIRED
623607c2fa4e65b8d4b1a61f,5c26b50d1fc74500017cc346,APPROVED,2022-03-19 16:41:41.603000,2022-03-19 16:45:11.246000,209.643,40,1457,0,100,2022-03-19 17:46:13.035000,561DDF44,United States,United States,DATA EXPIRED,English,United States,Female,DATA EXPIRED
623607c528f888771a9a00ed,5720a9f6fd3a5200113c1891,APPROVED,2022-03-19 16:41:41.749000,2022-03-19 16:51:46.283000,604.534,50,2025,3,100,2022-03-19 17:46:13.158000,561DDF44,United States,United States,Full-Time,English,United States,Female,No
623607cf319fe144d8d4a1bc,5e34bbfdd87fbf4a5001b133,RETURNED,2022-03-19 16:41:51.747000,,4521983.607474,,1736,15,97,,,CONSENT REVOKED,CONSENT REVOKED,CONSENT REVOKED,CONSENT REVOKED,CONSENT REVOKED,CONSENT REVOKED,CONSENT REVOKED
6236080aa3d3551dc9f39a3b,5d825b67d27dc700019110ac,APPROVED,2022-03-19 16:42:53.258000,2022-03-19 16:47:42.756000,289.498,36,725,2,100,2022-03-19 17:46:13.273000,561DDF44,United States,United States,Full-Time,English,United States,Female,No
62360a3a40a120d8afa0726a,60fcd3e4c974afedd3edf113,TIMED-OUT,2022-03-19 16:52:13.523000,,4521361.863363,23,860,4,100,,,United States,United States,Full-Time,English,United States,Female,Yes
62360c04619d29867a0287ee,62162ab583fc823e78c025e2,APPROVED,2022-03-19 16:59:52.480000,2022-03-19 17:05:44.355000,351.875,59,411,1,100,2022-03-19 17:46:13.434000,561DDF44,United States,United States,DATA EXPIRED,English,United States,Female,No
62360f9969f6c82f6b60f6cb,5cf551508926360018a5e9ff,APPROVED,2022-03-19 17:15:08.904000,2022-03-19 17:20:52.597000,343.693,23,2265,4,100,2022-03-19 17:46:13.516000,561DDF44,United States,United States,Full-Time,English,United States,Prefer not to say,No
6236132852c22f2e0521b21d,61560db6a537f0c454b23db0,APPROVED,2022-03-19 17:30:19.863000,2022-03-19 17:39:37.788000,557.925,46,1030,4,100,2022-03-19 17:46:13.607000,561DDF44,United States,United States,"Not in paid work (e.g. homemaker', 'retired or disabled)",English,United States,Female,No
